0,1,2,3,4,5,6,7,8,9,10,11,12,13,14,15,16,17,18,19,20,21,22,23,24,25,26,27,28,29,30,31,32,33,34,35,36,37,38,39,40,41,42,43,44
0.41229090813217456,1.0,0.18017667422868525,0.9145215599909197,0.11943411379459763,0.7372854840345575,0.25417839618437355,0.583421970737056,0.437935584339277,0.5043310313853188,0.1346848408492128,0.5315761560998982,0.05814587933333025,0.3077766798422194,0.026409164269402347,0.16339634992231045,0.0,0.0574210299009377,0.34694387105842406,0.5078251463670467,0.3940747809505613,0.28187584425598816,0.41987829892418,0.14785664406579957,0.4482228742758344,0.0,0.5061982358257521,0.5409103145313146,0.5767996517054432,0.3687278502259842,0.5039085723364344,0.47272874457127484,0.45398158168255515,0.5653577086112065,0.6627722527847386,0.6091156841436642,0.7931953474667922,0.47472468774122617,0.903637729833062,0.3814078159427481,1.0,0.2858064709428904,0,0,1
0.4130897993136805,1.0,0.17751619778434916,0.9142756483094222,0.11716960530806021,0.7386648130951545,0.25356137478770435,0.5836301833668647,0.44216595214750687,0.5068933219876193,0.1337628427930698,0.5384637374669354,0.057115009553539896,0.3134169906589763,0.025354419750555128,0.1660691726365888,0.0,0.05788775829526301,0.34679897932111353,0.5118665126758841,0.3885996051683881,0.28081879721622816,0.41273617951905867,0.14706284066672196,0.4385257343177134,0.0,0.5059679103098628,0.5420152838917749,0.5768418545686602,0.37143630241599784,0.5003209214891318,0.46839699393722506,0.4492278982420537,0.5586941188124958,0.6657855483598035,0.6092970049022193,0.7997628169076227,0.475904210021793,0.9079742988245377,0.3857632883389172,1.0,0.29508645835118646,0,0,1
0.4079786847232513,1.0,0.17295199774978734,0.906191455091956,0.12104533698306852,0.7269936691770439,0.2633634162070196,0.5730903635079323,0.45920186054169754,0.49677318465950304,0.12762966164485057,0.5367895342526813,0.05623442688180895,0.3110622219613391,0.025438345544853323,0.16671617977760264,0.0,0.06105329982368552,0.3420581213468346,0.5116387533855642,0.3958308978897396,0.28167043536674746,0.4182345435086853,0.14481423033859894,0.44320209379545017,0.0,0.5018358442413765,0.5423906485698229,0.5736786860953322,0.3709092161819776,0.49215999835350294,0.4734802291459169,0.4349030281825416,0.5663822848683576,0.6561847232512829,0.6074679872886183,0.7904605389533766,0.4773880439574737,0.9014214072061689,0.387496928584668,1.0,0.29631968910611717,0,0,1
0.4231450941024156,1.0,0.1888473481839279,0.9182286715646558,0.12560472538381115,0.7376114809124845,0.26166950679529544,0.5805934075272264,0.4510985727072137,0.5004382445110729,0.14577236573288796,0.5295544767125888,0.06338520067462419,0.3057178198510479,0.02964207589854783,0.16102080380466366,0.0,0.05430281340183068,0.3531661759385172,0.5081645121440096,0.3999254385610552,0.2796753643216139,0.42026318789326456,0.1444570636709651,0.44383623288072555,0.0,0.5127828193389642,0.5412567286921462,0.5845558424237478,0.37249490880053177,0.5000498004147387,0.47952573214142846,0.4408370054491227,0.5724049332882682,0.6658360939691392,0.6101143107928126,0.7961930756987351,0.4759335390251053,0.9039194182442513,0.383460301503474,1.0,0.2873532437683473,0,0,1
0.4898376251188701,1.0,0.2449835030797847,0.8933003978078139,0.13115652914956186,0.6691501330439314,0.2626905815895536,0.4651957746680869,0.48713094158643666,0.3976479529516,0.1771445544015785,0.5094405231529938,0.07831397207366184,0.2922905719741376,0.04029016730221502,0.165003192301669,0.0,0.05890387369558682,0.37216419505997594,0.4773424562424458,0.38426182488105287,0.2576783661898043,0.3894248386271352,0.11650200768668133,0.3934131046846724,0.0,0.5340089556336934,0.4988377960516089,0.5916471037306966,0.30568749117840804,0.5382863022195046,0.3411890524412555,0.4994265625909763,0.40109396385950374,0.6951591055140243,0.5487470449044332,0.8249035655632561,0.4197309298753834,0.9172435714339795,0.322644782009923,1.0,0.2343327085931214,0,0,1
0.467602757382953,1.0,0.16785758823266836,0.9046143258853523,0.0,0.6870334026521296,0.035392558098948264,0.49746485580202854,0.25899712386839613,0.3970893678805955,0.1538841373002591,0.4645529783436652,0.1043179777666585,0.2663366689472519,0.07750063404672088,0.14249273472648744,0.06444497271180173,0.03132075256693237,0.36531597719683473,0.45494238723657443,0.38223933252136505,0.24799338169051632,0.33787976574999573,0.30412815886207656,0.30753864735524555,0.3958847970513318,0.5524470031000758,0.4740122460808185,0.6162896359231971,0.26069237094878656,0.6646789738093652,0.11442955743187254,0.7184453444173081,0.0,0.7448262920606056,0.5314333426748501,0.8378496415617257,0.3860493442294181,0.9265503588842922,0.28272333370621544,1.0,0.19152676185293555,0,1,0
0.4111087499603072,1.0,0.14548596592016597,0.9084954959946984,0.05727743151929083,0.6944614923498516,0.1657166365611148,0.5027800912555019,0.36400715556460633,0.39234338688661125,0.08890716231281673,0.5004864949804996,0.020984894804401945,0.27697232838099844,0.0017198969419213283,0.131524969187835,0.0,0.0,0.2916336714108215,0.4794734240179287,0.34214643518136423,0.26241980721267727,0.377233823802925,0.34035345555212265,0.3949883337543199,0.4436634124990485,0.46471929044694993,0.49875016231658226,0.540205074562802,0.30000029384898513,0.6100153288817182,0.14881380161107605,0.6659425556742304,0.017445499408943757,0.6468997318263291,0.5581313051596524,0.8024360301125615,0.4393925623743446,0.9239884954792793,0.3473879553819701,1.0,0.25302020785477924,0,1,0
0.4193623465425103,1.0,0.16493588998195569,0.8862023515066922,0.05367608306965585,0.6981751180392409,0.14151525825011427,0.5098072701141376,0.34165742882812034,0.40532294349899317,0.09264074115729252,0.48801485222042756,0.015647899212828616,0.2643010605560301,0.0,0.11790721937080981,0.0006716847663081915,0.0,0.30371556590511584,0.4632664506491373,0.33349974091131385,0.2439330935043785,0.3566341108463656,0.33018314422514444,0.3731397524049462,0.4121472772068879,0.49364902721163134,0.4799384748865304,0.554195105667793,0.2666193076158137,0.6211253365212613,0.14297190331631024,0.6735543698336247,0.02502521806978962,0.6798218451020477,0.5455467965840254,0.8138370370828617,0.4130438849777639,0.9301397489161418,0.33115916969490033,1.0,0.24722122226962523,0,1,0
0.44235161474530965,1.0,0.18337621186175546,0.905153322635877,0.06709432004365638,0.7059967521233828,0.15289910282715913,0.5129348751093081,0.34496376460857214,0.3983879365095355,0.10026016730843876,0.4871476483219816,0.023348917210060573,0.27380118759911565,0.00026412777702518417,0.1277521710959129,0.0,0.0,0.31553932929935113,0.4638452669103431,0.3486241209044899,0.24462011570047265,0.3734467016862835,0.31767301725640157,0.3923583012037001,0.4137420901963854,0.5076151412117021,0.4830724674060909,0.5655877853066905,0.2793557873195917,0.6332067407320148,0.14064395600217722,0.6918156663249465,0.017836480579894082,0.695892270041401,0.547180684604312,0.826385438160686,0.4122123707384471,0.9320007816676208,0.32938523804163206,1.0,0.24848564156120118,0,1,0
0.4304940359492314,1.0,0.16206843422273853,0.9104025867340471,0.0647352112176227,0.6978187486207262,0.15891639215983464,0.5069457566986951,0.34899390774746564,0.40104804199315175,0.1006981924010533,0.490434086376531,0.029337455960908466,0.27468615581951966,0.005340538458727055,0.13115130975122846,0.0,0.0,0.3044745632780516,0.47066101912836444,0.3536245470434029,0.2551836019577662,0.3847731578091983,0.33626018983100286,0.3971275735170145,0.44192707475751014,0.4818867906654976,0.4913817835551477,0.5519671707337177,0.29115076678529156,0.6187374921981431,0.14131000158838314,0.6676612229988949,0.00999001919183745,0.6655774052711957,0.5527651908139167,0.8145957162442136,0.42943806176673843,0.928676624813344,0.3370965928437297,1.0,0.2428444932744423,0,1,0
0.4425983472636563,1.0,0.2329371858811061,0.9238883814175491,0.062093464240201256,0.7861880668738364,0.0,0.6386813284804873,0.1643104727401632,0.5340595687260891,0.24026187252541073,0.5214101375334175,0.22651585032974553,0.35119237838113404,0.22265438539107035,0.4260155155349996,0.23616416103055332,0.5236790805920313,0.413875087738383,0.4886149663144768,0.4098688590957415,0.2637447809941408,0.41305813711697614,0.13138323082241185,0.4149401325848389,0.0,0.5778577974119979,0.5177610970726638,0.6763585758913536,0.32172855408805234,0.7531783896096482,0.20968263684495875,0.8068310292871008,0.10618227736021342,0.7262245390398528,0.5933966607132463,0.8432799113417397,0.44494581251569265,0.928729405503498,0.3563741537447251,1.0,0.2720229553411795,1,0,0
0.4532158680163984,1.0,0.19956779954808032,0.9271974350462858,0.023819241066738772,0.7794206081202003,0.0,0.6176765342353157,0.20444946553393792,0.5101436547095172,0.17821155217864967,0.5199031168648113,0.17559777914039765,0.35673163396422825,0.19788423514898323,0.4153336435821661,0.2472798862342645,0.5023552147934315,0.3785582400801637,0.4877786841172281,0.36333060853438476,0.2598146216732593,0.3648050076195678,0.12987681136211124,0.3727941849734701,0.0,0.5666095416960776,0.5157616075034556,0.6785965065137144,0.3232121569325843,0.7602180771988062,0.2179606381007636,0.8182425548057299,0.1259596705868546,0.74874283532166,0.5900716026836983,0.8694234318452676,0.44766681708593,0.9437891299166515,0.35970397999825976,1.0,0.2755592738214591,1,0,0
0.4471470553310423,1.0,0.2156341524092746,0.920810247508206,0.04320405367527037,0.7760014697151186,0.0,0.6164042869819917,0.1881700467135848,0.5095117454844981,0.20375720615914836,0.5221339968507063,0.19539958124548204,0.3445889910157629,0.21115764280210284,0.4030364502088745,0.24282471239067935,0.4919792241821776,0.387011309933298,0.48734070403511226,0.39763463291369305,0.25944890376483754,0.4081379832943698,0.1273760254732741,0.41687831295533173,0.0,0.5594523586828012,0.5123101045261124,0.6646077794845626,0.3179541927613178,0.7385897683123402,0.20545631737800676,0.7911356520326589,0.10557144059236492,0.7203921388167236,0.5833006972095193,0.8371375199483869,0.4403831718959895,0.9252594923415899,0.355902813746798,1.0,0.2796124967355495,1,0,0
0.47750210275469634,1.0,0.2670937133103329,0.9167165031808822,0.08732883443184211,0.7384950311005254,0.0,0.5685353945275257,0.12644372874806736,0.4566324092923784,0.2832051308383483,0.5088430893158067,0.23475535824644703,0.3309113041476479,0.17289197276212548,0.36937747156507184,0.1445117058771764,0.45782760492030106,0.42391484582387157,0.4702192403529804,0.40538428770927565,0.249163703489999,0.38619884904133256,0.11317426093846704,0.3760266427411004,0.0,0.5775374200164213,0.4898713064537617,0.6131155118256052,0.2807494680068548,0.6499880021500949,0.1457140411469908,0.6764511345190248,0.03311847656118872,0.726826140384362,0.5573676795241655,0.8388647178551552,0.41604294384907664,0.9239555733895204,0.3156557924662908,1.0,0.22543444314381164,1,0,0
0.4778298506543891,1.0,0.2678104793499151,0.9131691558600198,0.08772493708475833,0.7384503987797781,0.0,0.5683348883520818,0.12626240906375738,0.45510841446390327,0.2753301250704346,0.5092164576993256,0.2375061348096613,0.332043256194085,0.1803114198854407,0.37913849027658897,0.14960871237232531,0.46995499094926146,0.4169282412891832,0.4719051122602817,0.4029502681921935,0.2498089820567056,0.38847379055911396,0.11627689362184689,0.37852261822693073,0.0,0.5711590044924715,0.4919757964021017,0.61070897476807,0.2832605494188263,0.6494721918392296,0.15115935474022418,0.6746123792598391,0.03775331943308768,0.7213482894412889,0.5605788466667213,0.8348337118281317,0.4179180580147602,0.9221860460940102,0.3186046435560836,1.0,0.2282545979272509,1,0,0
0.4429746272643809,1.0,0.2385880670238935,0.9129066509395345,0.07912688830405372,0.7404643459241657,0.0,0.5729898824049178,0.10843971089124828,0.45437176042066063,0.26960668527729775,0.519134901233919,0.22405881794005716,0.3534479820601851,0.1688203206771063,0.38879751167274884,0.14798194751305532,0.46906819280136464,0.4043750968900368,0.4815814431933894,0.387978456733668,0.2562305398484102,0.37264282367213064,0.12374719681930349,0.3634786150931835,0.0,0.5523227771496462,0.503256666384294,0.5890888684129835,0.29160616326960365,0.6259391260247361,0.15672019304409457,0.6550022705996557,0.04120412062866517,0.69259290001758,0.5741799089925119,0.8107173166652988,0.43256803114497433,0.9106691035523874,0.33685600877970356,1.0,0.24953116600843822,1,0,0
0.45335213509215755,1.0,0.24306810169895327,0.916215771600198,0.07763870100953683,0.7409255448045189,0.0,0.575554053823444,0.11168492896946507,0.45312861994231984,0.2705397030648727,0.5139767914128227,0.2324860340611809,0.34259994197853205,0.18164372412934393,0.3735440195225174,0.16174635328005618,0.4499521834843598,0.40997153179199947,0.47565224662536904,0.39756728049227325,0.2535348384784723,0.38070075387988883,0.11736681513336406,0.37031908592293716,0.0,0.5630933311614438,0.49724124985068,0.6051179211801666,0.28947422310960935,0.6428865631645628,0.15666434580794894,0.6696401214896274,0.04266888513455861,0.7073267148079122,0.5690877318725576,0.8258633939273338,0.42917592450383113,0.9180724980004406,0.33484516800627995,1.0,0.250095052816601,1,0,0
0.4455188082440113,1.0,0.2374519020844714,0.9141696505590075,0.07780048209005383,0.7425607992999407,0.0,0.575115990221278,0.10445762341151486,0.45358461417337986,0.2587957221226331,0.5184399632436654,0.2169087272455384,0.35318593882877725,0.16594218232093447,0.38908928759962047,0.14378655820749137,0.4676644286232713,0.399315340590849,0.4811195716797325,0.3910484261295044,0.2566486443096566,0.37440763164679863,0.12453384654946022,0.3619732844200937,0.0,0.5509176687148887,0.502628801190153,0.5915142252221065,0.28879191031881735,0.625569851038484,0.15630209055163372,0.6540994550876359,0.04144330494967065,0.6948759505499813,0.573682817817624,0.813673378267738,0.43295285602493866,0.9114195447364829,0.34005400440184264,1.0,0.25327690503799655,1,0,0
0.4187871943244884,1.0,0.2163218860269296,0.8982625366554841,0.06463024754461727,0.7370900875732952,0.0,0.576485477850053,0.11671835788716067,0.4673947008866588,0.27022446370109937,0.5105288718981378,0.24917178602820347,0.3337214978970312,0.21432589234532043,0.3750274546678467,0.19873514416483018,0.45668308710390393,0.43058007090143224,0.48565677765950904,0.453995145497085,0.25624989357079375,0.4674230529972017,0.12142235624699761,0.47937768441378664,0.0,0.5883353927550816,0.5202005073821466,0.6521278391358072,0.31100597120722556,0.700549594909619,0.1842324177414766,0.7377792161883288,0.07559284638101471,0.7360715017430776,0.601144659444798,0.8459230747591325,0.4556286109328202,0.9265870551542867,0.3640078424450774,1.0,0.27974703996651246,1,0,0
0.4186956139492766,1.0,0.21857780165670398,0.8969877995368728,0.06744459813530804,0.7352108727693785,0.0,0.5739164227108525,0.11918755094757452,0.46451744131683353,0.2745636086969991,0.5107395748187514,0.25310058161727955,0.33456232173989964,0.21560983813227752,0.37437392881793025,0.19724199282967278,0.4523627035775162,0.43302883739228476,0.48584017337452823,0.4566527583077119,0.25776691114195105,0.4710934831558344,0.12265642523673878,0.48428395510318584,0.0,0.5884577376142693,0.5205410225011067,0.6549226693348592,0.3128980004961691,0.7052831970118638,0.1874304187692448,0.7432230354605357,0.08002429318873686,0.7317768274793011,0.6011095883327835,0.8437516781613356,0.45774730939963,0.9261066055930983,0.36686408335640924,1.0,0.283591558062865,1,0,0
0.41452910640754065,1.0,0.21381838578254247,0.8946692340874726,0.06269070061414928,0.7327066690457346,0.0,0.5713106060182359,0.11782145154375373,0.460820522239083,0.2709190304358382,0.5089343321329144,0.24922601453467771,0.3372400563110219,0.21952145076229046,0.3606779405378558,0.2074499991511692,0.4269240726731877,0.4303854338481919,0.4840248777374992,0.4516603332213236,0.2538917335268341,0.46944663912861995,0.11959586395796916,0.48746371248403725,0.0,0.5888817449373981,0.5178292075809516,0.6601348913375337,0.3107146278577907,0.7160704146902158,0.18333499014124122,0.7563170525792734,0.07412281944083364,0.7349302220676063,0.597944499761582,0.8480374628097592,0.4550152477445011,0.9298230497708561,0.36433054346125876,1.0,0.28157030028395463,1,0,0
0.4174001988588936,1.0,0.21876885586070405,0.9222464079892801,0.04627174803047691,0.7566501100240245,0.0,0.5832494638821636,0.1771590252039067,0.49142199580949764,0.24721235803447145,0.5266237432948143,0.22148419765929472,0.3458858312987587,0.21974220888638693,0.4343340470256174,0.2266241148734018,0.5286473367227352,0.3988824184978305,0.49186331392531607,0.3987477343609993,0.26413892304598097,0.3931348732621946,0.13312002335411613,0.3799616295364889,0.0,0.5520813347357794,0.5205124327572029,0.609917814950324,0.3147327981914138,0.653717265867008,0.19858867138671005,0.6840072030733426,0.0912000638164801,0.7068834782261515,0.5995767745351878,0.8296137699965496,0.4708431158396407,0.9223403895121342,0.389038025966179,1.0,0.30920208184293846,1,0,0
0.4222213706286871,1.0,0.22165452949860112,0.9331573003852797,0.05039004181803415,0.7623954996580212,0.0,0.5868818071130487,0.17600465113817437,0.4953753592690457,0.24333847491097635,0.5242038127760638,0.21531119220633793,0.35343797992521847,0.22533269483420096,0.4394083904254697,0.23965547444072682,0.528084765899005,0.39412463186820257,0.4882271559013067,0.39236970667917004,0.2659970061140662,0.39098130429848044,0.1352792498445924,0.3820743002073685,0.0,0.5489099025583155,0.5175287688600873,0.6027723878005371,0.31201416327831605,0.6454762316868459,0.19833083068306634,0.6761684249895179,0.09130610597459571,0.703799978058943,0.5975147220349677,0.8267912328031739,0.4718862574840314,0.920403098641778,0.39340479896515207,1.0,0.31563090979469793,1,0,0
0.41717532844168936,1.0,0.21750301548812867,0.9299737965001873,0.04229778345312519,0.7589650321655225,0.0,0.5779357835314916,0.18316517292812548,0.49151729783371717,0.2393428030793585,0.5263528680732401,0.21230659313815703,0.35126671772228824,0.212257127512969,0.42543971934565916,0.21828459833230734,0.5070922619135527,0.38773812067106805,0.4901282313980533,0.3823862581117621,0.2675846695478816,0.3807601568281031,0.13611250572624126,0.3734364853907301,0.0,0.5389807627404657,0.5199187332252643,0.5995877734736625,0.310071679592339,0.6394034471568528,0.1964457944334169,0.6689817488071935,0.08986000048495743,0.6973649557597494,0.6006080239571715,0.8267411299597647,0.47283438175037895,0.919906713803123,0.39221385056263647,1.0,0.31207181985906146,1,0,0
0.4104964729023269,1.0,0.2082813680244738,0.9258858367113215,0.058053766271834215,0.7565979755670138,0.0,0.5902536625385161,0.14477762738436378,0.5099688743436911,0.24576426639220053,0.5269685733634202,0.220305133573447,0.3584601940870235,0.20448013027415002,0.4223618607964369,0.21349415775745956,0.5114254849793496,0.3854950304961148,0.49583386681372,0.3936020165833608,0.2690876664036177,0.4049175441028134,0.13248644026333947,0.41583476855514667,0.0,0.525142566103653,0.5296362428195305,0.5923834983423935,0.31467034805415894,0.645023234345582,0.1936190406683326,0.6889991823048922,0.09141224703851362,0.6668677635143514,0.6129383471302831,0.8073505020568381,0.4759326606078777,0.9107408529892956,0.39292620887907853,1.0,0.3176501654366934,1,0,0
0.41505795423956043,1.0,0.2246421578172739,0.9073271155079594,0.0636988573893097,0.7459130509617955,0.0,0.5802828278173766,0.14786635682177693,0.48084340790680513,0.24786899267792112,0.5091058603574499,0.24389145280812582,0.3254220783511051,0.23661849969045165,0.34363318918739433,0.2499961944826918,0.41952123173794736,0.3954022431794751,0.48312696283501394,0.4076503747693214,0.25384879144082806,0.42097064084581987,0.11661875166657801,0.4358314659939962,0.0,0.5445574018629572,0.5160313030361451,0.6033354782612707,0.31860644770443386,0.6468831165835878,0.1891742819611121,0.6839013438583069,0.08027466222042572,0.6936300911973278,0.5958719349788084,0.8175565811232504,0.4664619281583326,0.9120029969684359,0.37975521505505677,1.0,0.29995951083669586,1,0,0
0.41871960399476116,1.0,0.2112420728200026,0.910567714757831,0.05459871330841031,0.7499655918864576,0.0,0.5792947947897378,0.142855387439835,0.46304305765789433,0.22034290057538738,0.5053589271440966,0.21270993308142702,0.33051047986483617,0.2339733149385451,0.37520511741495666,0.26802716198744536,0.4558622413827474,0.37921526545086737,0.47265981817769714,0.3965584138354663,0.24691211075480204,0.4121174098595254,0.11857749348908375,0.42368708437283376,0.0,0.53890085200848,0.5022806298432492,0.5883034724522122,0.3013560210239035,0.6238233979299207,0.17627283394780943,0.6543089402577411,0.07002672363485127,0.6993016930738183,0.5834882836277184,0.8199137411468553,0.4535487395024532,0.9137658907951098,0.3730295552041316,1.0,0.3004043362961632,1,0,0
0.41204764293120366,1.0,0.20392044578168717,0.9134709408861911,0.045434802634115826,0.7492655801123423,0.0,0.5731287049980134,0.1552193581324256,0.45715842758073605,0.21774354217455943,0.5041547722140456,0.2105388398729215,0.33041232926584396,0.23348104399547556,0.38547884039239977,0.26822178035252936,0.47307735229793885,0.379074500640534,0.473104908075712,0.39654592296882163,0.24623753685155791,0.41367893607084866,0.11851338021984426,0.42679478730628667,0.0,0.5399488242237541,0.5063029203214722,0.5886500290275452,0.30417483089617026,0.6229420300643962,0.17905057220500234,0.653747579252696,0.07178163289904237,0.7031340376351227,0.5910524671629273,0.8231088447251274,0.46141768498207364,0.9154744798606678,0.3824130711415967,1.0,0.3089547619338851,1,0,0
0.38726994213007854,1.0,0.18710579612369796,0.9084648125710696,0.039990000007617904,0.7538330026984211,0.0,0.5885796245917866,0.1474518617053253,0.4819503819023742,0.22226831239496606,0.5029958317140266,0.22054712928643436,0.3284459312431788,0.23357822031335893,0.35539925541525796,0.26435018945235966,0.4350836070279181,0.3746872476879075,0.4758233825348564,0.399723099045069,0.2524566300978527,0.4163199001272621,0.12105318861599866,0.43227153079474007,0.0,0.5290985966723727,0.5079661423076369,0.5925154799994687,0.3055127211888294,0.633558175283584,0.17807117498588135,0.6681654621156058,0.07037854945680198,0.6821368346201909,0.5914428128606397,0.8132629270983266,0.46319023318863295,0.9101892576062227,0.3778992956333331,1.0,0.30031840861733644,1,0,0
0.38156231294878845,1.0,0.19645781580946703,0.890270134129581,0.06757532976864852,0.7255170507748795,0.0,0.5677852545511815,0.08945969887785409,0.4512038845183001,0.26741467568743416,0.507928073898719,0.25712288531287747,0.3440877164353021,0.21483862522603359,0.3275792664091251,0.19140341798673693,0.38368402591916395,0.40594029552870964,0.48431360064131485,0.4286438548241816,0.26060197437185306,0.438928760969465,0.1219241296300734,0.4452299489789248,0.0,0.5456705892983001,0.5172953838990775,0.6018225997001058,0.3168718553290271,0.6423017354380761,0.17937385891998694,0.6706290812019666,0.06760162513757531,0.6725216485015134,0.6003098979430674,0.8071753196408882,0.4745764766094179,0.9091815925638409,0.3846648445527636,1.0,0.30538396744642066,1,0,0
0.47497659223303573,1.0,0.1501314927623131,0.9149413613066082,0.012092866149035854,0.721716381789106,0.13707322042440484,0.539752470484157,0.38706636653730364,0.46983053239067407,0.1161709736540869,0.5040935404974276,0.04038699888211046,0.28469478468158516,0.019343188514064767,0.1580178580916157,0.0,0.060641493015669366,0.3338175436276275,0.47702708570544744,0.3528290647705735,0.2511364037607868,0.35785869197094383,0.11222384037077228,0.36113054286896384,0.0,0.5223609541111259,0.4987696537056448,0.5675713023189729,0.3125138769297286,0.5055772054191282,0.38345689771598124,0.4593490862526395,0.4596992681891597,0.7162159751866053,0.5484136030251524,0.8314788043317997,0.4130697919712332,0.9213401806673917,0.3240805950134884,1.0,0.2363238556050561,0,0,1
0.537537802249146,1.0,0.2360129147527483,0.9090881129921817,0.11561642893605294,0.7288113479553091,0.23859001083044126,0.5531460382666887,0.47061800157864975,0.47703535675223085,0.1608493272318938,0.5036625630215656,0.06350319853632891,0.2773140212202818,0.029892389561476485,0.14966720767085676,0.0,0.051358636645730996,0.36674924768873646,0.47531964482744515,0.3581110473189024,0.24480595472991623,0.34884783892157173,0.1194675362250307,0.33210471287316407,0.0,0.5472693684037002,0.49743879751516995,0.5915921684555939,0.31079007972671374,0.5401623580485532,0.4113993071291303,0.4941016029006585,0.5047899715829552,0.7287246779567481,0.5513126656692238,0.8334952329364628,0.4168407757029295,0.9215079261220067,0.32693570576941683,1.0,0.23640217372906222,0,0,1
0.4733391452218742,1.0,0.16329358288578205,0.9198321546313356,0.0,0.7271896768073464,0.06995314613312095,0.5495814759517195,0.3154547085266145,0.4941251414039659,0.18316037583545897,0.5010072082186026,0.11987676643741996,0.28493775584594067,0.10651749486078374,0.16081098764439314,0.09611130842831465,0.06625423650705432,0.3763618654009665,0.47942824007042767,0.4209827114253836,0.2496564842606674,0.43388212629018547,0.11129738295541321,0.448268451849221,0.0,0.547690922332361,0.5059623055683089,0.5784050312299319,0.30210205487510433,0.47949307416615544,0.3916131256155785,0.4100095429774807,0.47700240361983587,0.7219799166962643,0.5616496202840531,0.8354347974269837,0.42087610444304563,0.9211691941206649,0.3270223622606201,1.0,0.22802999632518045,0,0,1
0.46564756789158085,1.0,0.1402121214590624,0.9166318067468326,0.0,0.725767821001033,0.11563536954289762,0.5435426999784774,0.37305362780620616,0.47341671926433876,0.12134955491351865,0.5006279465127885,0.045606427401147405,0.2780540406694348,0.028498847340785227,0.14926422143506862,0.01583704794625313,0.049722106133907484,0.3384946927627915,0.47768577952925456,0.3647348804478896,0.24947039940727384,0.3722919431547576,0.11090535169934965,0.3833772240712254,0.0,0.5239385110918434,0.5035526032597064,0.5698280281634378,0.3071554749973402,0.4719159974762435,0.39472099758010043,0.399877699204659,0.4817400480931521,0.7112783198745247,0.5547372048941356,0.8310826905251896,0.41659091075458304,0.9211067201543043,0.3251065593795602,1.0,0.22865791587137863,0,0,1
0.504021772914732,1.0,0.19431080680235763,0.9169514344959694,0.054623715361737164,0.7393010210921924,0.19118535739556775,0.5701684587539368,0.4318347626572736,0.4968202191756942,0.1390656991452982,0.5018829308636118,0.05258639321085,0.2805422271340454,0.027891157529990697,0.1551230430563369,0.0,0.05503458366365603,0.35584653844548025,0.475005214746071,0.3606760497119294,0.24377808436011988,0.35682155504368473,0.11283506198977411,0.3399699772386973,0.0,0.5410271730276517,0.5020140729944685,0.584004583915146,0.31658502165242414,0.53517386704463,0.39267613449420624,0.49427679173967465,0.4728750699873815,0.7267108021087428,0.5604697296881898,0.8419565087474516,0.4237937136277699,0.9264094420247162,0.3327898242755329,1.0,0.2430107265746454,0,0,1
0.31514424826660725,1.0,0.09111548316902884,0.9111477310630183,0.0,0.7286991741778471,0.11019238073398763,0.5709482253637523,0.32885862881780126,0.5465887602196804,0.13993041664363504,0.47348847607120736,0.10344242438007506,0.25033836593116693,0.10013130768056208,0.10378226038254203,0.09652267243214607,0.0,0.33523321513772186,0.4637030877293572,0.40936811274317986,0.25433871752296033,0.447594970602513,0.13121458565243369,0.4850605873367787,0.0026652428251155384,0.48934583955643535,0.5099463630388372,0.5887702584888219,0.33676404080523303,0.4959841494923645,0.44128046519903397,0.41852674478997065,0.5328696813764559,0.6369618327963542,0.5973718170358575,0.77913656819708,0.4830555948004761,0.8971622244344754,0.4106751680885298,1.0,0.3291717440140022,0,0,1
0.32871781209863926,1.0,0.06419474226700819,0.9002838835798856,0.0,0.7209798732324355,0.16737378721457496,0.5687598607342631,0.40747828052000284,0.5350511344701917,0.09053326795807,0.4831040699047709,0.03862679466673301,0.2560122628124285,0.02495517544377952,0.09994924330363328,0.01107122482905509,0.0009100745698123829,0.31154260397413874,0.4670209202786925,0.3675634342192511,0.24976615411121628,0.4028669748149745,0.13889533925899689,0.4386329451936224,0.0,0.4790257012550876,0.5036303337121674,0.575916609912507,0.328944705652948,0.5026910628352339,0.43965206100236914,0.4394894924467729,0.5347039141394703,0.6441230506198729,0.5806272033493397,0.7823157839451207,0.45707560561982635,0.9008557870756698,0.3862364662484887,1.0,0.3076653641900392,0,0,1
0.29177863675150645,1.0,0.02558480289113709,0.8882799443700594,0.0,0.6884785795170385,0.21047124829316172,0.5310805283141228,0.4608559253561376,0.5100604950451851,0.08413645806600213,0.4936058414396764,0.04056600842903149,0.2746278040479104,0.03072588799670429,0.12928230386521822,0.018265058868604446,0.025758619466329888,0.31776319453520685,0.4810270292610213,0.3566510160428107,0.26176258296315147,0.376628965329248,0.13397337991804384,0.39930885468106786,0.0,0.48417226703668803,0.521281799369953,0.570785827092068,0.3378097205229719,0.48819717295243076,0.434517852750576,0.4222368810288579,0.5297463645451091,0.6473967340091746,0.5946565981546271,0.7895743700125968,0.4670407002804611,0.9043922872038973,0.3836991608985132,1.0,0.2925225904161616,0,0,1
0.33889452162206896,1.0,0.06783726772566757,0.8963257025586002,0.0,0.6841997236437981,0.1820569508162826,0.5205932857186581,0.44586040717246306,0.5009566984589706,0.12029516133861422,0.4931643941082718,0.05963867511336552,0.27409699842590723,0.04010077625795197,0.13729837970774655,0.02191342698593742,0.03872724031705694,0.34101505853428987,0.47672423452629237,0.38480692271146266,0.2597086897198199,0.39689404313397836,0.13114519156891585,0.4161852127407764,0.0,0.5116452109669244,0.5121847364626118,0.5885105518769783,0.3280518753089435,0.4884523791365634,0.4331979356961495,0.4109046842684753,0.5291129002701954,0.675688808180508,0.5803160375790839,0.8108758874202826,0.45295773909678366,0.9141104697374642,0.3644863824489773,1.0,0.26821917471720386,0,0,1
0.35553532702433477,1.0,0.08322402772623225,0.909151156756842,0.0,0.6904042360037865,0.17440093914358634,0.5219880630130305,0.4433215922936624,0.50313693598919,0.1273626944822348,0.48581472183347923,0.07849365723876361,0.27411571811259794,0.06836321112985652,0.1477098219361851,0.05690134612790841,0.05524022042762859,0.34256431355572736,0.4721017701320689,0.38906532146352435,0.2544578884216539,0.39926175748480375,0.12063318276495451,0.41918278944000875,0.0,0.5136971991277886,0.5119297830842241,0.5950182676199783,0.32557603508818767,0.5038736706705549,0.42700488516162255,0.435721620280923,0.5211723182278403,0.6777474233486688,0.580976191705622,0.8131327602924285,0.4541385261102421,0.9140971168410549,0.36242524975373475,1.0,0.26192717478092986,0,0,1
0.34873769040925773,1.0,0.07947599132160502,0.899662328319837,0.0,0.6842005358030557,0.18151746916279687,0.519437429255312,0.4485903610777975,0.4994870308122435,0.12229040703324982,0.49108689608185097,0.06339352503036184,0.2746339841954748,0.04901276989559479,0.1449647687159094,0.03754908255933206,0.05000290048265617,0.3383071974571434,0.47443079184101494,0.3787705936657038,0.2563483240495865,0.3941302723200406,0.12494004127538781,0.4214340255016568,0.0,0.5107349147211221,0.5110772009377743,0.591952728911735,0.32706892947479727,0.49732905781082914,0.4319601607144886,0.4247708185878947,0.5271228163461953,0.6776533800738359,0.5800356144913663,0.8115317995664334,0.4534006408282774,0.9134842618906422,0.36366410111597886,1.0,0.26555220300577215,0,0,1
0.34537381849339027,1.0,0.0757126778328844,0.9013507044243453,0.0,0.6855681478102262,0.18642564047258992,0.515484340279278,0.4583238927763803,0.4910688511875241,0.11827338232199114,0.48373941985090574,0.06583687763525815,0.2687520891246763,0.05177187298718256,0.13647355224488292,0.03559795510115872,0.03883074756800043,0.33456356216866473,0.4700089502673682,0.38059852118121756,0.25330383222006125,0.39695763417263474,0.12029010900691396,0.4198439470635286,0.0,0.5074999600705077,0.5095161699906667,0.5999770882453087,0.32318172263422285,0.5118628754803377,0.42071796704212816,0.4424347817114727,0.5122043648358534,0.6754217084423385,0.5787155670503985,0.8086861416110398,0.4515202797180553,0.9118443029660475,0.3622175059436508,1.0,0.2656746974761916,0,0,1
0.4896136102892132,1.0,0.2005529911282645,0.9101829911113387,0.1144798777963756,0.7057578789318597,0.30957418186530594,0.5465020471793582,0.5538558189068,0.4792229592394699,0.17091527888841232,0.4761205904679516,0.0786008623777258,0.26686730258279445,0.039492505300150235,0.1474933948188606,0.0,0.056538186998420774,0.41353733030250567,0.46451994687796483,0.48972809965677,0.24490598593114588,0.5253534765686251,0.1127907509378081,0.5495042025352966,0.0,0.6039152914733993,0.5024033207864049,0.6874902168733382,0.3171168804782944,0.6050247431047027,0.39024054167302635,0.5408632824843173,0.4727190764189582,0.7811739479886299,0.5628216745611068,0.882195882940574,0.41795284092512935,0.9461386368962565,0.31566391810674066,1.0,0.2188200545993375,0,0,1
0.500614147975147,1.0,0.22381598461178562,0.9043906399415781,0.170688692171613,0.701887945542735,0.3694135681230356,0.5472888174837477,0.5855422937577693,0.4682845614574371,0.17409023510198088,0.4778980995806073,0.08603218086082617,0.2675223673747264,0.04265448752611225,0.14440826937954004,0.0,0.05271635970398366,0.4155029836305733,0.465947570815592,0.4802403641497557,0.2423696217743741,0.5142214838932708,0.11056039648483128,0.5315321978444009,0.0,0.6052058491431239,0.5025460356275565,0.6751663979426865,0.31462458335282373,0.6238709346937724,0.3819696033605956,0.5827568505439948,0.4595863460752226,0.7821281980482038,0.5590837606200691,0.8812863195114429,0.40897076360414075,0.9457721308305023,0.3102306224511885,1.0,0.21382254449934604,0,0,1
0.45791599195673105,1.0,0.13523298247984955,0.9059082863151036,0.0,0.6925962535502704,0.1514078144519584,0.5156106970897224,0.43196098513503567,0.4441090264918586,0.18594847321062188,0.4740407182318195,0.11973182738581437,0.2634156139679132,0.1003230133535302,0.1477644570995274,0.08210916629442673,0.05593641300445232,0.42291484239495036,0.465530220135989,0.5575188130882854,0.241377082300378,0.6220808522528728,0.10173313655530748,0.6776605083731134,0.0,0.6188352136029368,0.5029273870013374,0.6871001257764537,0.30332881991594496,0.5416222590685585,0.3744269864194521,0.4377193034717654,0.451392880343537,0.8041473850328129,0.5576925239331485,0.9002281768194391,0.4060107345213406,0.9495758129981041,0.2986069744004575,1.0,0.1956664870163176,0,0,1
0.3318536421363181,1.0,0.05226200150173668,0.8873081757049498,0.0,0.6847394509164267,0.20877149328764488,0.5317567879267951,0.47326444189465805,0.49191401738585966,0.12443642388401449,0.46592949547390017,0.09584709760070516,0.23887371020745454,0.09970071481193311,0.11138162409656857,0.09972829527394798,0.017546233397784036,0.36986291766874496,0.4622922962918776,0.49900101371474764,0.24378335160821818,0.5753635593481976,0.11745096031638028,0.6375889053891727,0.0,0.5476203761479349,0.5073867381202322,0.661271918855236,0.32137078553515064,0.5585142691892746,0.403182357352119,0.47455842228710926,0.4838225315843887,0.7076494393695765,0.5829281073798218,0.8350515595317368,0.4441067080252709,0.9217860583207457,0.34352084277849,1.0,0.24431926693740083,0,0,1
0.43641403182197436,1.0,0.15785936923084898,0.9069127467576699,0.06395283939076511,0.7184170012497542,0.25940520147122487,0.5694787981795973,0.5099271362841779,0.49753354165684627,0.14813696873079701,0.4737447475674262,0.0699751237637724,0.2541262650939626,0.03865822193806176,0.13083489558163375,0.0,0.03344270740623873,0.38861155464602526,0.4615774383525626,0.48277080707228914,0.24157432498387899,0.5409118061524263,0.11245884284171574,0.5838100084445254,0.0,0.5775764330835818,0.5028172881897768,0.6639259816875046,0.3243696513387619,0.5923343480517815,0.4064104214458289,0.537378703745203,0.4870688037787202,0.747722015860341,0.5711898489892668,0.8553690998126499,0.4302411455273852,0.9300532990579172,0.33125010933178684,1.0,0.2345190362831973,0,0,1
0.5252036487761851,1.0,0.16822561753047083,0.9162568242740563,0.0,0.6980045398338428,0.05809456124364527,0.5209348234810979,0.32593295402703215,0.43431446313747546,0.17233956873631542,0.49136242266179686,0.1536856397363416,0.2861880949697474,0.13633191955397778,0.1597370039291863,0.13632343680503123,0.04329985658751093,0.4083998728534231,0.4833556046120086,0.40576435920968595,0.2677129281928286,0.37397687762826415,0.3231681109199361,0.35940373337795334,0.4203937873506276,0.6225012888863501,0.5028838773789754,0.651670222321928,0.2798634355442915,0.6720011507413249,0.12502958200493175,0.7095533701615702,0.0,0.8581825633928025,0.5554314568883104,0.9111731674559082,0.4022214345585816,0.95770028088821,0.28795826340513236,1.0,0.180503972956961,0,1,0
0.5273936249681017,1.0,0.19392525907804153,0.9182240778965534,0.0,0.6937184394810982,0.015787193171390212,0.5084402233982493,0.29951190296767466,0.4233799983519578,0.24466383358865323,0.48275340862116756,0.22623517713288308,0.28017745737052824,0.21610035668320202,0.15311854530992386,0.23742175386908457,0.036637476343443824,0.4649573712324547,0.47794749283067595,0.4601906610996725,0.27117039598640436,0.3904449331267396,0.3211055979635102,0.36716653795348747,0.41580043434765107,0.6634381344262374,0.4994528431792505,0.7025767061022613,0.27427712578716146,0.7025103709021667,0.12010560409259273,0.7251300166269032,0.0,0.8784008570390962,0.5573441050824396,0.9227338839982914,0.3995883299543928,0.9599729165359262,0.28372156531320636,1.0,0.17592128623564687,0,1,0
0.5394637327500592,1.0,0.1469793759837804,0.9156747091653837,0.0,0.7045750634179321,0.13373519008287857,0.5304622024311355,0.3913678218161823,0.4244169300973997,0.10643715723984944,0.48780962331934624,0.07077520802627726,0.27530857198100755,0.05745644320728323,0.14513774237109456,0.05383297478891721,0.025656198924846926,0.3725321806364379,0.47569262303466586,0.3814539754712791,0.263351696041071,0.4089095761924235,0.32318354475318317,0.4323544390313084,0.41861919194904157,0.602047041254627,0.49048005612843004,0.6442509286798065,0.2748550423390162,0.6865172801168603,0.1242566586655752,0.7249170869896948,0.0,0.8572202358798174,0.5390492799218246,0.9122700733437163,0.38728727029510884,0.9645894999255693,0.27977303259997943,1.0,0.1779099139767894,0,1,0
0.4892411339408061,1.0,0.13338372815505423,0.9080912579636267,0.0,0.6805650297280419,0.10721045610059364,0.4998680655772258,0.38308335271549493,0.4132953119680704,0.15309982046326562,0.4871654487753069,0.15550280595541127,0.2767264669078309,0.16591250471696684,0.14970081713079877,0.18642638986680887,0.03217404457377391,0.39731781404977684,0.4830484996421454,0.4364939450511754,0.2700934353831271,0.41611931586569195,0.32139767034435823,0.4015319021247223,0.41166134459833525,0.6053889715044013,0.5032749560848283,0.6661052208405653,0.2823193697051951,0.7010652089935344,0.12583060007961536,0.7498849687335573,0.0,0.8391009983892018,0.5555765898716492,0.9028025812569186,0.40617978027736185,0.9537564936249391,0.29171289330985484,1.0,0.18396543384993272,0,1,0
0.41467488944018127,1.0,0.1522888183227569,0.9218128251419963,0.0,0.7201193213136017,0.06612666306670975,0.53532841814374,0.28665231136364727,0.46004936065756263,0.11435207435285769,0.45718688063750745,0.06087256480780875,0.2542533748558342,0.037221745888044104,0.11950688209509427,0.035795975793528445,0.0,0.3267763102710574,0.44721525969812154,0.365840735526213,0.2268990834229376,0.3602554190941881,0.3145730350162411,0.36314605042326914,0.4342825469531995,0.5107088027398814,0.4768388157893582,0.5857396426684925,0.2689570976947204,0.6374797096796115,0.12923465915340115,0.6925949721322809,0.006438096320018098,0.6904165843935264,0.5461811208175518,0.8237886868806851,0.4013584273705594,0.9259592677112579,0.31506679605675025,1.0,0.22339759271394763,0,1,0
0.34464489893205785,1.0,0.1361046530140869,0.9189841307426077,0.037587228832050984,0.7244628185049168,0.14555949939353607,0.5417129472844927,0.34331051444682065,0.46024326491781414,0.11457577123355696,0.4796249514110635,0.03775954764850352,0.26058567411494316,0.0,0.12533780251951696,0.0030408679112516068,0.0,0.31784059661774994,0.47507240797313427,0.35029929263802584,0.2600063681473957,0.36192928118406037,0.3385929839157526,0.36237475275028025,0.4366500099796702,0.4965747450140986,0.49489535828984377,0.5766404498440049,0.28870521390134657,0.6681248585528938,0.1557250369219674,0.7545102972068609,0.034778113511207916,0.6863140748712792,0.5639537266703679,0.819313712353521,0.41329227385114803,0.9313995871044548,0.3360063194969431,1.0,0.24862989568907073,0,1,0
0.42937950727066077,1.0,0.1777824558687582,0.9183198587468169,0.015320126194372346,0.6972985969859758,0.0,0.5077392664940993,0.22803658547944466,0.453335452967032,0.20964792122476675,0.4604641735679623,0.20119392647884618,0.2639702333152081,0.18025725103901397,0.13536833045514424,0.1791535232246759,0.02140660011569431,0.3906373324127659,0.45735060735617034,0.41188878617306174,0.25496611154154364,0.3521162135998531,0.31668992277470254,0.32123338803354273,0.4183934827214609,0.5564537714876188,0.4852440162765482,0.6201759653773452,0.2743720239806232,0.6391559536497858,0.1254001366497808,0.6706932827338946,0.0,0.715004134827508,0.555665551698252,0.8244863380288097,0.41098110525791365,0.915381060114464,0.3098623573493428,1.0,0.2104327633877768,0,1,0
0.4101802221431814,1.0,0.16726062450310858,0.9216262435339653,0.007670932893775029,0.7044592532446877,0.0,0.519915064528268,0.2219146585462084,0.4663987177418136,0.19270173453895223,0.45646517829988714,0.1786655181154981,0.25748300263182666,0.16042791447107904,0.1264790213564842,0.16356491284126623,0.012565648079874616,0.3715291724620464,0.45400682597994596,0.394690325669309,0.24531040332647835,0.34326758129768653,0.32341087247206146,0.3203031426655635,0.4317872345779725,0.535414074825302,0.4855696435235822,0.6035235909063678,0.2770642118411653,0.6357848531936073,0.13000211573869574,0.6779475476975273,0.0,0.6944132808785121,0.5603114347623093,0.8149608504891868,0.4187883940225148,0.9134008251073573,0.32190698158172454,1.0,0.21876399764861532,0,1,0
0.26530577857635856,1.0,0.013783817885521311,0.861114886229123,0.0,0.6071498866729482,0.18967547687231134,0.4445495160099615,0.44287203882041243,0.3906114492024102,0.06158601016430375,0.46372293837665823,0.027795876660197574,0.25360239296231013,0.011490283144986305,0.125167812801684,0.012058703127397446,0.00976904823470581,0.26930045920421275,0.48469264689099045,0.37190328896909997,0.2718590819047766,0.37781179449462227,0.3195419006856962,0.38671401198364835,0.40282959950423897,0.4432569359562147,0.5141680868155236,0.5534143602799607,0.30291192770665853,0.6419502175139251,0.1458046179326345,0.7263111982957918,0.0,0.6311092761211412,0.5630384826800648,0.7824191766993384,0.4358547798323609,0.906056622414765,0.3427641945509288,1.0,0.24842622949237972,0,1,0
0.4641870909657347,1.0,0.12784872364062239,0.898382657209755,0.0,0.6520971464996661,0.16140295228314558,0.4669317901954227,0.47008472195936024,0.4066995767975174,0.15067879224349026,0.4630056368998784,0.1024548398064906,0.25897454163466993,0.08764956744731957,0.13392573800485497,0.08420936787135826,0.019181408701584766,0.4032572902296076,0.4633103926198625,0.45281269203245644,0.25688546558253134,0.4526577428855254,0.2990941676694141,0.44473299743375744,0.38323812855300626,0.6098356389243208,0.48698258955677465,0.6833263584924635,0.2814472423739327,0.7309581277762863,0.12564035749589408,0.7736418908030107,0.0,0.815897709471992,0.5424767581048895,0.8920472030948947,0.40187666061792815,0.9524511622737336,0.2945112204675057,1.0,0.19814205710180727,0,1,0
0.44489183307791663,1.0,0.12022652288375263,0.8924365767147682,0.0,0.6373389140788419,0.13956910315910678,0.44006754229494416,0.43869502021411183,0.37587182289853804,0.19734382974264045,0.47181947871064206,0.18118962172406738,0.2669321301826965,0.17902820764652932,0.1417495590727159,0.18952954198043592,0.025270624629012937,0.42615299502050963,0.4713865116729581,0.47321245491708547,0.2564572903138279,0.4455779733966389,0.2907632607941733,0.4263704769965332,0.3747348358361462,0.6142065064697194,0.49242474805248393,0.6926928866925031,0.27863188045437404,0.7381865844720535,0.12086535566011518,0.7891188812337956,0.0,0.8112449605263907,0.546849225403815,0.8902298015101285,0.4063521253435704,0.9495551367440898,0.2971252656391399,1.0,0.20305645667108582,0,1,0
0.5569178309719716,1.0,0.17420795891688962,0.9102178460814048,0.0,0.6691058227084918,0.12759762432123128,0.47516617463879646,0.44815082023051234,0.40855630162486667,0.18177198986022722,0.47928705072057387,0.10496453980347406,0.2819725139370437,0.05762321704784389,0.15877102496845216,0.028059959032922445,0.04309933063068312,0.44269937295480427,0.4705755884992923,0.4598645223049736,0.2687237754729032,0.44876818978480587,0.3054201590706912,0.44575320751256475,0.38755093808034435,0.6614286075217352,0.4879402162169338,0.7130781172362101,0.27683572962723496,0.73545830631359,0.12142154245899729,0.7639972938147948,0.0,0.889291198441417,0.5424048094376638,0.9404095772006704,0.3913664587264631,0.9733304886573223,0.27674354354113906,1.0,0.17469614500263791,0,1,0
0.6255493607879746,1.0,0.2385908591272595,0.9066097851531724,0.08261668533418305,0.6745806344150864,0.21757807715621516,0.4811791652849561,0.5136039776880568,0.40966141139365103,0.20693801833740408,0.4811166683890493,0.1020129712584549,0.28263060813664626,0.04314057955422212,0.16093801511518727,0.0,0.044595944944073755,0.46923551219052767,0.4716313204698328,0.509377882705776,0.2640931364919756,0.5157570599275147,0.31341318271546836,0.5136641893821606,0.4004607408126796,0.6822318978577048,0.48567641701249203,0.7231187586660691,0.2825725728343044,0.7510246448804351,0.12669452361179073,0.77641383830685,0.0,0.9077163945521254,0.535097316002152,0.943811993134023,0.38686163069653845,0.9785486088155452,0.27794002068795975,1.0,0.1792233721374381,0,1,0
0.5434707699453406,1.0,0.17241181810867173,0.9069859377430273,0.0,0.6622772592865528,0.11274443787107073,0.465243487745984,0.4259203412893972,0.3990377564154666,0.21072413666286638,0.48256874831316243,0.14221152602187906,0.2889125115522287,0.10299981686236506,0.16816146920143263,0.08071896736509748,0.05432742583180151,0.45841597706915194,0.4743266245675784,0.4611736079439543,0.2713900086542823,0.4326134337895844,0.3041554282140781,0.42184609830029235,0.3842248119674924,0.6684523301697132,0.4907372074446877,0.7128348119068212,0.28002804913782536,0.7298281175822023,0.12277886256596589,0.7588977541277375,0.0,0.8947638504603737,0.5436579849420308,0.940085206604828,0.392136475346263,0.9728783803688403,0.277644061037612,1.0,0.17644402290945047,0,1,0
0.4497652012103088,1.0,0.22806490612270483,0.8748307394138799,0.06342476043761465,0.7014471671901031,0.0,0.5129004968173616,0.15176073142395446,0.41355746828915324,0.3198658443299327,0.4912262184464772,0.34114380565183894,0.3213798545174713,0.298516391525142,0.3554077417098439,0.2668028431448496,0.4341038754897353,0.46655929148803116,0.47749891354914425,0.5005980819923201,0.2588355457685819,0.514709539483708,0.12599260587451935,0.5230572214558156,0.0,0.6170477615506056,0.5120203484287517,0.6770901270963033,0.32295006401502957,0.7102299338977467,0.19692767480338336,0.7268385868837293,0.09070173204838905,0.7623490939789586,0.5867569798224467,0.8681717081234384,0.4610930394826163,0.9363855968892995,0.3729939948534926,1.0,0.29326528326367574,1,0,0
0.47491049859275153,1.0,0.2383320481633883,0.8848641332750504,0.05906997141497631,0.7096477012371314,0.0,0.5184607971244134,0.15663721273260497,0.4157638326995791,0.30565054317255635,0.49305203485353083,0.31986535696344043,0.32322782859350646,0.275426436519631,0.34887465358351344,0.24345776835263833,0.42338407708036063,0.4525402779427046,0.4754274793636122,0.4791179171277854,0.25145527483070296,0.49452144733370207,0.12136757331306566,0.5074233554709525,0.0,0.6091771715523,0.5061455511925008,0.6609897146653987,0.30995712600293396,0.6916219628517303,0.18015098232178106,0.7120481197188291,0.07502408510817345,0.7685002411058318,0.5782763511119556,0.8689742731427587,0.4487285233466095,0.9355973487260357,0.36077354855708077,1.0,0.28316466800619383,1,0,0
0.46066044799832373,1.0,0.2408135907165894,0.8785148660382052,0.07148733119494317,0.7055745954645685,0.0,0.5273577538676876,0.13614066177352369,0.42886817988409287,0.3432389099262306,0.5004260708445021,0.3421755647043839,0.340655384935299,0.2764517760045608,0.36233778375011033,0.22446103500530343,0.42789055917202934,0.4826154423571962,0.48069182291448587,0.4941304620087413,0.2640788371192893,0.4915918216813405,0.1261032593562691,0.487810551181898,0.0,0.6273704235804713,0.5109935955963651,0.6725044292755771,0.3165958071994312,0.6953570449479403,0.1802975788462933,0.7055856601820956,0.06351231310800115,0.7667807921403392,0.5838032187822539,0.8693658192079129,0.4459461303163167,0.9377227766738381,0.3513428775801246,1.0,0.26257893601719096,1,0,0
0.44539384099483154,1.0,0.23804916740154294,0.8793322269779531,0.07349340875484822,0.7109725836372871,0.0,0.5381249066495949,0.12765010186426146,0.44065763172794237,0.33431811884297347,0.4963593007997875,0.3416269503570984,0.33603046422839195,0.27782665919151217,0.3663002098263275,0.22347473466086948,0.4385666828496302,0.4722248546944302,0.47895995424594384,0.48933140388108015,0.2667319329058074,0.48718240179070044,0.12774927797886987,0.48184452051636295,0.0,0.6146865269564842,0.5111815415889248,0.6631785959365317,0.31712785886033285,0.6906287031036202,0.18090907730655992,0.7039804403140505,0.06126388366007868,0.7474754058226696,0.5875982834480347,0.8555108735924214,0.4534644389396837,0.9314930361005009,0.36154251207510035,1.0,0.2745208301993871,1,0,0
0.49718801008259084,1.0,0.2666448354767876,0.8884795553737136,0.09129097788683875,0.7219263281365412,0.0,0.5495980377406787,0.11119469940134283,0.44280620646883867,0.3540348125567092,0.5090550942563885,0.3281352709315659,0.3456048631680848,0.2665925835209952,0.3710599086811458,0.2280955794778624,0.44417384484780986,0.49196334870865216,0.47962927159360047,0.4836125179259266,0.26359111700509014,0.46844599545017346,0.12413696738894384,0.45393290621839005,0.0,0.6377804277328407,0.501257455312376,0.6673768703529147,0.30474253515680577,0.6791454798619293,0.16758095579129959,0.6834013599264293,0.05108610481585438,0.7779016095338551,0.5685023476447646,0.8769512182418289,0.4266067768202331,0.9417719563052118,0.33076885110751514,1.0,0.2399911771853996,1,0,0
0.5064235019496642,1.0,0.2279969940877203,0.8759718063598056,0.05265372480209447,0.6848551306463273,0.0,0.49464452039557205,0.17891841283985657,0.3986102246901218,0.35889860404871626,0.48689103637702924,0.3476945780384913,0.3094223684117678,0.26839005816668193,0.3601720281898587,0.21875239848179442,0.4448316504642809,0.5274399428563341,0.467985647593543,0.5404919870074609,0.24904324774431533,0.5361808635889292,0.11906890665658637,0.531894752458861,0.0,0.6888393992223129,0.4985822384901646,0.7374424444213671,0.29998495180441437,0.763039025322219,0.169446632572054,0.7764378124077693,0.05683636284201093,0.8469715245517632,0.5680901138757092,0.921761696161276,0.4175912089636601,0.9645191274920384,0.3191646992087863,1.0,0.22669888878005928,1,0,0
0.5416571389071164,1.0,0.24809673785702152,0.90248318359838,0.05486775314505882,0.7028183750214468,0.0,0.5003606370280909,0.18808048505715758,0.42273757912116405,0.3299669654807137,0.4848413972584433,0.3226586943298027,0.300035735272578,0.2891334441425352,0.37054358435960905,0.2783361335022239,0.4612265414408623,0.5091374346576437,0.46286446255247105,0.5152548716984192,0.24616853464369773,0.5233562560638632,0.1193901322294501,0.5249384906472052,0.0,0.6784427224361224,0.49393324021046636,0.725508313318108,0.297489248896569,0.7547280917693397,0.17092461845262727,0.7687070032475661,0.057388694908708945,0.8502716550811107,0.5625014250604922,0.9188343331465372,0.4115039239846683,0.9624328729559837,0.3190650172522165,1.0,0.22995405450215428,1,0,0
0.4851033679291845,1.0,0.2213606010135815,0.8638668434515976,0.0620037346910997,0.6756774513060285,0.0,0.49741836069002476,0.16480763432346796,0.39986756030835136,0.39054717730051514,0.4820217554917025,0.37989255712718956,0.3022814386117579,0.290053216528023,0.3472220717106001,0.22981472444676007,0.4314453238236478,0.55097220007066,0.4675044241386205,0.5668200713789592,0.2484430174738575,0.5548542184076005,0.11612720441579426,0.5427555806476976,0.0,0.7042880040903695,0.5010121266912916,0.7537442897953939,0.3041238701920342,0.7740899909830022,0.1731389730850903,0.7831996798486716,0.059487325506608575,0.8495245264852987,0.5745081295240407,0.9224501498110059,0.42546921471404026,0.9632736574210897,0.325821418682815,1.0,0.22962737333498776,1,0,0
0.5004256631009013,1.0,0.2228535175760358,0.8814538767374784,0.049420660441758094,0.6937882449856904,0.0,0.5038961315646107,0.17403038029418064,0.4077568228462673,0.3484026790284018,0.48624822333600604,0.35030815366044243,0.30429929860027793,0.2775442862452564,0.35376490444819514,0.2280840222527247,0.43865408762068886,0.5178832552717431,0.47086900047242436,0.5342935387157239,0.2507051365076509,0.5322034588213156,0.12085207503194867,0.523717288701544,0.0,0.6780917961594899,0.5033149853217034,0.7278191755922016,0.3066966240763292,0.7559442360651887,0.17709186439222113,0.7677093933483384,0.06352677482941828,0.8362133934070598,0.5723586759537342,0.9079447325275607,0.42225176330625375,0.9562433813358174,0.3227163759470046,1.0,0.2286502899644143,1,0,0
0.5381022854433406,1.0,0.24732294187182927,0.8964841447120578,0.05790108616942307,0.7080938900097055,0.0,0.510303547262943,0.1963524468922866,0.41986824231263314,0.314035644825954,0.4818289552835656,0.30309183921863925,0.2962413618221932,0.28560174839416613,0.36818212320896987,0.2894332784409145,0.45599082141315567,0.49923148831264696,0.45921915077476505,0.5004841129023742,0.24371602331031536,0.5077778890271263,0.12038458072925828,0.5076390649903693,0.0,0.6727976940104345,0.49096343410957155,0.7139353265800374,0.2959698486511442,0.7397152910833261,0.17115009512400445,0.7533407666910005,0.05733019485618126,0.8534929852087233,0.5611574836461369,0.9156678398645687,0.40826162061783833,0.9603659714414159,0.3167440044416946,1.0,0.22909098866320954,1,0,0
0.49149372008454134,1.0,0.26397146423774104,0.9054311646360793,0.09326950916780187,0.7574152831858194,0.0,0.5899873054915502,0.11325210319362672,0.48957689520586073,0.3034604459916421,0.5203777870079055,0.2875468289868123,0.3497998275685579,0.2608611380265951,0.3533469467827764,0.2489622187972316,0.4143949576280252,0.4462952465484706,0.47974921740814175,0.46093986157944805,0.2527990967085753,0.4657493892313503,0.11978306849998362,0.4656148946860585,0.0,0.587525741110036,0.49508352608234096,0.6499381942132425,0.2918694802245678,0.6976974886440767,0.1601805766168013,0.7336263485900618,0.054610921674781654,0.7240244483757249,0.5594656209795241,0.8416820531319565,0.42928134800721207,0.9253397623104719,0.3436667602360097,1.0,0.2676659076765497,1,0,0
0.46338954213221256,1.0,0.23472635327916683,0.9173824581977642,0.0630198867144268,0.7452550326790462,0.0,0.5566167413605908,0.18155694637645114,0.46856120216212716,0.25157333982568203,0.5071360712370216,0.2417505720777679,0.3234017225939004,0.2597249861506862,0.37149718071242355,0.2959714250665123,0.45157378244472435,0.41898117823499215,0.4724959741648649,0.4663830160587547,0.24898695943403146,0.5059250071917004,0.12026904006165083,0.5399704028440572,0.0,0.576489730009928,0.49888088066443925,0.6616727176377847,0.3076311666539099,0.7190298372599816,0.19252828470049715,0.7652573889767389,0.09403313022498738,0.7254683741866257,0.5743028944990425,0.8449561423839792,0.45884747827129113,0.924446030806141,0.3859847521440166,1.0,0.3208659406333459,1,0,0
0.4858637317008319,1.0,0.26399135395734663,0.9079729913063883,0.09789712795906944,0.7561972261773512,0.0,0.5878021158398454,0.11254457068564797,0.4905290280381116,0.3005224856356571,0.5181002233126392,0.2729696339141918,0.34195655271194575,0.2509437642187052,0.3550784539599249,0.2513771362396006,0.428232290158746,0.4471670520451166,0.4802702411508364,0.4644719894682625,0.24754091778459025,0.483137198933705,0.11537070613600224,0.4997919269262303,0.0,0.5885715212373991,0.4999611684557542,0.6585753173219513,0.30401118737484384,0.7127772680108029,0.17938992518015856,0.7533256954080028,0.07920047725982395,0.7245362816761354,0.5691846480219218,0.8425190471225541,0.4390800800221569,0.9251624623591957,0.358909890880582,1.0,0.2875892300607835,1,0,0
0.4561843405536754,1.0,0.22501852786339188,0.9012447371700362,0.06061670178421113,0.693566641043843,0.0,0.49332640957033463,0.15391367547983018,0.40849897158666887,0.30491815586159843,0.49756474663507916,0.2795558971615701,0.3181044851142596,0.22121309738133677,0.33910707960017195,0.18479183540862962,0.4059821592339476,0.4601049023787262,0.47109615979680963,0.46057599664233934,0.24815032616594349,0.4524503080699385,0.11456254979298719,0.44146323289672545,0.0,0.6207620608198962,0.502549890997988,0.6610101229771713,0.30274297227554475,0.6838848489107365,0.17483933229441884,0.692187094296612,0.0691779834137722,0.7756661640313848,0.579839248285161,0.874419435707991,0.4437076715854087,0.9414851823973686,0.35353486454207256,1.0,0.26922268333970406,1,0,0
0.44215046181370127,1.0,0.21376389578445917,0.8965707873786318,0.05623568425663705,0.6957718288716538,0.0,0.5000060877137275,0.1432930654161519,0.41026696050959244,0.29959124553337185,0.49314314712675217,0.27157371216614307,0.3130663487047989,0.20338098455962164,0.3495758289796324,0.15976400301507254,0.42761242233120894,0.4521559411984498,0.47142399346784836,0.4516896374227537,0.25026932045530254,0.44508044702882393,0.11762012555022495,0.43241910105887743,0.0,0.6073134598156597,0.5046582141834407,0.6486650369605333,0.3098950672960226,0.6742008621938885,0.18055428389979916,0.6825739463803775,0.07238869085072981,0.7569793103013264,0.5813984375934899,0.8606941538898735,0.4457014201140288,0.934115585637671,0.3552297496203354,1.0,0.2707205598859879,1,0,0
0.4843700095454422,1.0,0.2409461163231738,0.9135796069792327,0.061033486712778105,0.7095962106035151,0.0,0.5054081488217123,0.1685701174006056,0.42054609452056024,0.297111826068678,0.49908806719441295,0.2746575246136609,0.3171041362236278,0.2297904221940407,0.36222877884467264,0.20042714544443024,0.4352525277739983,0.4588092646353538,0.4714946917709474,0.460399095724076,0.25408177290861206,0.4530883561579992,0.1218574703168328,0.4382191915592482,0.0,0.6232030164137404,0.5033044175890874,0.661482080664635,0.3095571731509956,0.6812473808991094,0.18642254903802224,0.6844475298265836,0.0823977022758203,0.7871613753486494,0.5774053419025009,0.8831351459847271,0.44345691987625363,0.9460133953701987,0.35749404691000547,1.0,0.2768285534731685,1,0,0
0.4762973174729831,1.0,0.23838622482119318,0.9072235239345543,0.06496570552748133,0.7088521156026519,0.0,0.5076317663914491,0.16728477037552728,0.4212646927162973,0.29558364238518775,0.49747255406416946,0.272022663066443,0.3198250730082494,0.2299520629855016,0.36548906725473435,0.20513158159739797,0.4391938832371358,0.45486444480847005,0.4688760616252439,0.4510841181077872,0.2521367405174329,0.44346261761120276,0.12067124295877969,0.4312623649989927,0.0,0.6201894794945945,0.49922231896467406,0.6615899086847469,0.30496362676692373,0.6813223428499939,0.18344523086320783,0.6884519823261985,0.08062363256589357,0.7844360937227643,0.573148482978197,0.8796277824097378,0.44236609681574646,0.9430463316352347,0.3590905754051872,1.0,0.2796100747026947,1,0,0
0.4791677013178068,1.0,0.23962984059597212,0.9126087685957085,0.05911360722569337,0.7076013751181142,0.0,0.5013887368561266,0.17401762833306642,0.41926102429182366,0.28504497691768815,0.4958269870018756,0.2632301392285347,0.31651601482846387,0.22951440536415393,0.37085351127193844,0.21108342790085569,0.44927861967872124,0.4480078782051941,0.46869799481724267,0.44611225038378005,0.25073256268282834,0.439314196491149,0.12036417015875413,0.42843474383833613,0.0,0.613558884833002,0.5019460155010715,0.657137492932945,0.307354044325604,0.6787796357146391,0.18612159259873431,0.6885598684658414,0.08066932021584249,0.7789557427260556,0.5793294845000738,0.875119542000959,0.4467741455193818,0.9412847763186272,0.3632077537703682,1.0,0.28268947525987537,1,0,0
0.429790418130863,1.0,0.2025013124073896,0.8898331157719634,0.05483092159689731,0.7004599540505788,0.0,0.5084640210399376,0.13793396746410103,0.4159616758605745,0.29822506122655085,0.487898364352354,0.29146694192519423,0.3100945386060783,0.24911725232880585,0.3378255301513618,0.22317050737784447,0.4083338434673247,0.45867479151494606,0.46608165793834594,0.48472836527978297,0.24487577590661588,0.5029192989957502,0.1178204029454993,0.5199956455290109,0.0,0.6072011408189356,0.500368877170656,0.6946718391311518,0.309864834610249,0.7569331670677393,0.19375569769373452,0.8046050498091804,0.09534332448717882,0.7402350824119703,0.5813024252488448,0.8514478779987402,0.44752610880137766,0.9292858831526238,0.3680342281227242,1.0,0.29511035850779915,1,0,0
0.4530095527127384,1.0,0.21897941513490957,0.8922250807053534,0.053860569236933234,0.7035398811768748,0.0,0.5046722474130998,0.16520640894229677,0.4038032269102882,0.2885806614049497,0.49215548943086995,0.2872936560871102,0.31803301989200744,0.26476048029252913,0.3542593832432106,0.2567698909460966,0.42675520151613555,0.4531285013060773,0.46881278926291314,0.4838251836788156,0.24671052454835074,0.5008755480231704,0.12074121942983512,0.515175160210535,0.0,0.6086324897598877,0.5022635611554458,0.6927327717320119,0.3164611626206022,0.7530170924974658,0.19954939757232193,0.7984642905806,0.10222943177191285,0.7524415369147299,0.5790399162268347,0.8556140785418749,0.4458483134450034,0.9307094113228181,0.3662434606392532,1.0,0.29581338706442634,1,0,0
0.4713081686995633,1.0,0.23670442675907816,0.8747586896934584,0.08086974473219347,0.700578738295824,0.0,0.5210365970942615,0.11597410441840825,0.4084639820647352,0.33803285871630323,0.500060520323616,0.29061520554455694,0.3378588155507747,0.2158506218130201,0.3437204272652846,0.17197006407687562,0.4068693829518937,0.4879490924951754,0.4695152445079901,0.498898770713446,0.25068248920465386,0.49693708908098033,0.11907522521136567,0.5030678016486416,0.0,0.6412160083894312,0.4911994536307185,0.710144820492756,0.2928310530333089,0.7590691510907741,0.16912813548309605,0.7990890932903348,0.06907673866511382,0.7694049595658097,0.5570790791883566,0.8653016540480852,0.4154424121222618,0.9338487896192766,0.32472560227882996,1.0,0.24696260172004642,1,0,0
0.49436133751557665,1.0,0.24080921223765048,0.8938064066983369,0.07353337712354885,0.7205490482945214,0.0,0.5313695568619073,0.13770986870737711,0.4169040033826718,0.30067453418235396,0.5073790305174694,0.2743485654428549,0.3388191956111957,0.23602910731304974,0.37125452799471725,0.2199563041181537,0.4449103617356671,0.4703359420117747,0.4762938485506179,0.48180538365743336,0.2557328015417293,0.48426878164503184,0.12437084088528123,0.4878366438939032,0.0,0.6313079631321121,0.5005234908541006,0.708937581222276,0.3059096368416537,0.7584086007968197,0.18756302677887735,0.7940688414455215,0.08921485813496204,0.7772990491298976,0.570254046222195,0.8779864373759143,0.43175483540142173,0.9427908869978369,0.3443325243946738,1.0,0.2651638983254337,1,0,0
0.5402477480532893,1.0,0.25352077285556085,0.9133889728526029,0.06321957258137972,0.7227805893764259,0.0,0.5157496797882968,0.17973752844442042,0.41235363406745285,0.27262777827415985,0.5079659143110438,0.25119175697720725,0.329667301934027,0.25557622910870886,0.3822375579002154,0.2715784480591902,0.4589925137749613,0.4597008947775473,0.4769317315657133,0.4670283966719485,0.25128178481221364,0.4748310442693452,0.12685154855887568,0.4742608360118475,0.0,0.6331132715946872,0.5009347073948532,0.7138988672085377,0.30819837530036326,0.7625398870115547,0.19395028009365267,0.7927775313688052,0.09811149958044887,0.8008910285073388,0.5684404244117383,0.892235818487926,0.430858270721589,0.951142925899123,0.3476816304564743,1.0,0.27240726213878974,1,0,0
0.5163002961318093,1.0,0.2798356523095334,0.8954294909841186,0.19239852195690046,0.7312385397045132,0.274575479835851,0.5650911525637504,0.4413275897294614,0.5330672115836861,0.22016964581072665,0.5297269098097901,0.09661662040193528,0.30818557518835177,0.0379422564495508,0.1755404809547657,0.0,0.08760153920743893,0.3906475263242072,0.4912689734468691,0.33147285425301637,0.24240541637335872,0.2868288399202765,0.13395077055822444,0.2628116660634536,0.0,0.5309148297366272,0.5002574835351219,0.5450073660428241,0.30801709009549105,0.4962759181559627,0.422484884399471,0.4745887582497527,0.5260113911354491,0.696838710980586,0.5510977771608047,0.8089236239539938,0.4004681131818067,0.9136891175616461,0.3057752339684572,1.0,0.20141774252457983,0,0,1
0.499693399554796,1.0,0.2425334161383098,0.8952378363149665,0.1354075178280542,0.7272625321745305,0.218736904796728,0.5490516826176641,0.41205235304779486,0.5262303884292432,0.21044491146283034,0.522980217777959,0.0945525440608518,0.3029800605202352,0.03844537192083068,0.17089856530313557,0.0,0.08361163286025412,0.3852118941111435,0.48474136968278986,0.3462950188726305,0.2469486004462388,0.299528672326508,0.1372831942402093,0.2700542936458755,0.0,0.5228712042361595,0.49748410964008505,0.5452562456202952,0.2972669074042534,0.4784189698968151,0.4064745003935441,0.4365547175901509,0.5061052645887857,0.6849991687300918,0.5518522694288586,0.8063764650836577,0.40215251173902256,0.9152676212838334,0.2988393180558787,1.0,0.18417258315535223,0,0,1
0.42046643041153736,1.0,0.18372026721321527,0.9171137334210864,0.1198248044819087,0.6601867517076484,0.24016519808918022,0.4591615930095446,0.42754047636595427,0.4352498954146533,0.21504250876392508,0.498819307503983,0.11138532465201689,0.29016080787265414,0.03848848382830077,0.1762069621398961,0.0,0.08687256259872392,0.37517067923443437,0.460905017887533,0.3154411752295555,0.22654396592914372,0.24153154619211603,0.10984274893222912,0.17733699043071083,0.0,0.5431797365562149,0.4742710668789079,0.6100281891488796,0.24428474598925096,0.5165147455043919,0.29471886722433477,0.4257187374996976,0.36036716924597545,0.7054316925810301,0.5228126309921916,0.8160203031634521,0.3488072407655411,0.9138070569358359,0.224809658837111,1.0,0.10671988119160189,0,0,1
0.4044496843239423,1.0,0.14059388326827435,0.9050314994570204,0.0,0.752178929463086,0.12125127962869023,0.6131089415383094,0.3528763072181644,0.5718109020854133,0.10786311947684417,0.4572499272232527,0.06172947385939001,0.24956680042213608,0.07125173694802422,0.1093162607895172,0.07700663615903358,0.0,0.323309282223276,0.45141169625993804,0.3211688819810388,0.30037690814409995,0.32566238150555427,0.43349863272223016,0.3282186690433182,0.5348916172880874,0.5079469164123382,0.48223724564905474,0.6254562671351268,0.2770448963068565,0.7536060358281093,0.15938672809457366,0.8516972796714706,0.03225193129145412,0.6919249175668235,0.560119521617764,0.8120710513181164,0.3987969988195134,0.9308335663354084,0.3130077006707448,1.0,0.21432936939880853,0,1,0
0.34677699499703435,1.0,0.12851798762489766,0.9006639502562575,0.0,0.7455507932847798,0.07791781067796062,0.5899592142010959,0.2876797514858692,0.5588167162972071,0.09753088568386328,0.45825590330336563,0.03699414850542185,0.25082222399880544,0.03346069654578834,0.10994508155508,0.03940745841544283,0.0,0.285369572088403,0.44043469614150355,0.26240505247948676,0.2911984470607202,0.26947024396394686,0.40141200924733583,0.2788148609146471,0.4901050995793242,0.4476441580041929,0.46635581232321804,0.528299208351873,0.27161535020749683,0.6318666364159816,0.14073062938837158,0.7089287189575759,0.010522412368014367,0.6146374453995403,0.541391210009534,0.7654200560644167,0.3997149024424569,0.9099547260195173,0.32468356813963767,1.0,0.24649904824326388,0,1,0
0.3517658539731606,1.0,0.13526516624323753,0.9034043900196154,0.0,0.7378404985494238,0.04404827891395592,0.5775183607413191,0.23221755954025572,0.5486953520618453,0.11864058297546037,0.4646658828851723,0.0620452078575501,0.26616529619893353,0.05755204825386218,0.13076195618588074,0.06487453543931065,0.023890179038274808,0.291444201004749,0.4488433418791471,0.2726255117057685,0.3014072420555883,0.2615485807289671,0.4165041582198249,0.2627057718344951,0.5094028317651954,0.4523435221951939,0.47217658376948085,0.5370958762744267,0.27593751935292526,0.6286705471766879,0.13793074786191756,0.6959373882899512,0.0,0.6142256409507589,0.5441514782308441,0.7716927657787832,0.4036617828986588,0.9126443379036783,0.3233504736939024,1.0,0.24021190026054684,0,1,0
0.32975921099500627,1.0,0.09290152197904117,0.8851876930416622,0.0,0.718535030099119,0.10569541779667821,0.5594353386276082,0.31639823622780755,0.5248627450776367,0.07488769626566533,0.46583152011119044,0.022961328015729913,0.2532997304651625,0.017830258473637967,0.11084514512779005,0.031635257428895586,0.0,0.2709309504740757,0.44870253761788326,0.2717466892145043,0.2734498105009982,0.29921862568528473,0.366731456652209,0.31618040518516993,0.4327717189632059,0.4316928622547935,0.47452158964553365,0.529008967296961,0.2714971364118375,0.6385576489958433,0.15419677304771284,0.7167722477561286,0.03177680205493162,0.5944410683755612,0.5504177640405435,0.7577101189979273,0.4130065028872601,0.9064407691441322,0.3452293777495044,1.0,0.2764038592529477,0,1,0
0.39546045615167,1.0,0.157739992811159,0.8891551884182569,0.06223999566762972,0.7297674336165632,0.19471893325252732,0.5846798696943848,0.4141613474618094,0.5500266409729141,0.10029433818091628,0.4660387903059492,0.021186325084150106,0.2576171203011892,0.0023893617052204016,0.11168368069403846,0.0,0.0,0.3005747185303042,0.45435886564676137,0.3237027338182708,0.2976348562081721,0.3822669756252451,0.39598618086312404,0.4159483487892063,0.47953402516466564,0.4754911600005936,0.4828382800482948,0.5881334295676632,0.2872636889393988,0.7032170857920532,0.1698778098515995,0.7775598296245357,0.050707718229304075,0.6450513639073058,0.5561313173770744,0.7910479153865367,0.426382292810367,0.923791186378157,0.3571051094039531,1.0,0.28428170440543216,0,1,0
0.41725626666078103,1.0,0.15805395036283892,0.9482924408649167,0.0,0.7652319924844557,0.03453723125594006,0.5941994730510624,0.25914896659320025,0.5617067471335183,0.18858105086190238,0.525749054604192,0.18119660205710503,0.37841377868649806,0.2177677738806616,0.4690479721161828,0.27238741147367995,0.5657825841055628,0.36281211439097455,0.48686010715120115,0.30662018381816797,0.2701121690407412,0.2762647772927408,0.13886449310473933,0.24676987171562495,0.0,0.5430810375244762,0.5159939217422462,0.6154913460414858,0.30601944405273857,0.6694830752123867,0.19810015882696724,0.7012266911551741,0.09177914594746386,0.7253236966254145,0.5916936853928731,0.8461672096195205,0.44203368031609525,0.9307576348640592,0.35533757660002113,1.0,0.2636905535119303,1,0,0
0.4104209529681275,1.0,0.15195486094728725,0.9456397585882773,0.0,0.7625442775204829,0.041167797007231305,0.5940453799356034,0.26365469976225214,0.5643541431158613,0.19069658043722248,0.5193643633460717,0.1839627603430082,0.36670103729885756,0.21328775005007672,0.4570985421207115,0.2575683495576901,0.5531674018999021,0.36944287183020674,0.48242499624457874,0.330346438669622,0.2677038183839476,0.3080678578099204,0.13667576528663797,0.28220746320296214,0.0,0.5466588807884308,0.5143467125316301,0.6192719208521655,0.30722088257683833,0.6756784494695899,0.19919436682794578,0.7111420953412267,0.09369842983930007,0.7221895514010601,0.5919423440169217,0.8396153725132419,0.4470498975435465,0.9255181578380686,0.3607276769131146,1.0,0.27055218671192166,1,0,0
0.28835977885108566,1.0,0.09149422110450639,0.9168047205496248,0.0,0.7187510972161014,0.041415957967369424,0.543898944626117,0.20824218981860024,0.532221656508342,0.22490535009338267,0.4952323415195607,0.23729113776163027,0.3524070927881564,0.21801015894049477,0.4235325331375518,0.21824533297448662,0.5115938226964485,0.37752846097926657,0.4776333887967161,0.4127418507628779,0.26517864372078237,0.4307951949252124,0.1342667749241813,0.4505425244268091,0.0,0.5178123420045179,0.5280690208044835,0.6476703981327431,0.3385394447862378,0.7330512364641825,0.22860867488736616,0.7974547256393074,0.12246629061256638,0.644576487373311,0.6253882990034592,0.7998116390689608,0.5007658696717048,0.9064324448394954,0.42738795802377155,1.0,0.3493173322466516,1,0,0
0.23738462608617783,1.0,0.06788911311600715,0.9099643960451115,0.0,0.7194895950014998,0.06551447330968821,0.5641011724637586,0.2313105053425398,0.5732060062417008,0.22270453484244224,0.494939978137852,0.25514958365181756,0.3478023615777634,0.23716854985464325,0.4379666234839944,0.23202809430758062,0.5383938080357782,0.3733237934644369,0.48586301746094185,0.43447756458433945,0.2697177595889156,0.48234014889604565,0.1414223593265002,0.5327164600117053,0.0,0.4973570472166876,0.5460357222733583,0.652967846684086,0.36502158040549776,0.761882593650357,0.2651698934103171,0.8497781137631032,0.1609964369276227,0.6032186763421912,0.6554912150543923,0.7760154983225608,0.5473514798709365,0.8945548656396283,0.4866237222374879,1.0,0.41928405012152403,1,0,0
0.24190135309624541,1.0,0.1013224508959165,0.9380471064535588,0.0,0.7879199923633001,0.06989126381467008,0.6779017443800528,0.24444986916353953,0.6930336647535875,0.20866065827737448,0.5346192581206213,0.20558976198702436,0.41439249830276204,0.20205096464507294,0.5214384521840095,0.20509969411087006,0.6240863026716538,0.3541756833229502,0.5072473827895475,0.3505541233115494,0.2955994446072659,0.35993726348251026,0.1534580503925969,0.37531193811218316,0.0,0.4829252000649705,0.5637815241566874,0.6296012675965685,0.3712764991345173,0.7283546504024265,0.2703123989566495,0.8024502382517705,0.16748049922436864,0.5971208508198153,0.6732527009400845,0.7718130443166529,0.561565169110133,0.8915269458059797,0.4957023489388534,1.0,0.4256752445603693,1,0,0
0.43277211029176194,1.0,0.162784047646721,0.905832596204832,0.012035659331508814,0.72857503886098,0.0,0.5496491552164783,0.15832014332715214,0.4589999781139857,0.28338209393987973,0.4870733815442093,0.3051878099671637,0.3159245500611312,0.27863729032596046,0.37856205692878286,0.27822383064769085,0.4664610800475319,0.45343523262617275,0.4661611950854789,0.507099454578553,0.24472249365388737,0.5469253551474692,0.120688929155903,0.5895333974831936,0.0,0.5995034193208818,0.5003018473858287,0.6959100086965286,0.3119533360904833,0.7478624681345564,0.1938386080069152,0.7915453187828099,0.08989879946896147,0.7455954814175497,0.5834357064402956,0.8670803085823039,0.44281550336070064,0.9360686631646873,0.3550467652238018,1.0,0.27046157737228266,1,0,0
0.5393220529655848,1.0,0.2528802427640501,0.9309039117628446,0.055890232465937245,0.7736790767856251,0.0,0.5969859461283831,0.15514663991132402,0.49208713731502773,0.29642919115648364,0.5052034811455749,0.2964036609019716,0.3306291919898299,0.28239574270036094,0.39903137148409557,0.29112115088749035,0.49072705615273765,0.48198482164932815,0.47141646700519,0.5051396361570113,0.24816172592961075,0.519963839875882,0.11879500727486049,0.5296254029035954,0.0,0.6478790843458173,0.49848615079641634,0.7059675809455833,0.29982845534512,0.7373749136988655,0.17490879388981143,0.7608302547987663,0.06683462662703075,0.8214906856211286,0.5711113273943557,0.9089819804187044,0.4208189711913388,0.9585777764185913,0.3253190711889624,1.0,0.2341040827067127,1,0,0
0.5792640193206448,1.0,0.26378102978458534,0.9201535684102853,0.055768819968119734,0.7409758873309772,0.0,0.5429581712988906,0.1852297870936599,0.4444593997719617,0.3136586603391446,0.49713405538559424,0.31565516422507145,0.3153492655841454,0.30714328655716466,0.35661832950845085,0.32047397660687177,0.4357866488227244,0.49534047987798635,0.46574383721837825,0.5170904167949798,0.24139270095590157,0.5350197591926357,0.11498903957649227,0.5476304305062467,0.0,0.6624565661060152,0.4862533924084459,0.7168202129540528,0.29069554499181854,0.7495751183990671,0.16614006875167284,0.775798904870826,0.06407387696828154,0.8440155254402076,0.5475909151015318,0.9210842152344473,0.39502130105285543,0.9613559158909604,0.2985837268355832,1.0,0.2082199055292502,1,0,0
0.46607139421474214,1.0,0.1924848943230554,0.9088224511815075,0.023836334636635214,0.7052127262419047,0.0,0.4950626295061096,0.1813272607733427,0.4063995318521704,0.30408901296796365,0.48611376952990315,0.31632070610340396,0.3258483211527481,0.29827454349776433,0.3523973637485896,0.2966429926680854,0.41900155822773644,0.4778893474114496,0.46157287686677345,0.5333945747269793,0.24717278983584215,0.5763283206679657,0.11761174772251907,0.6184666415809561,0.0,0.6333407752072348,0.49636466229327714,0.7155048725934215,0.30151050739046403,0.7664503488322859,0.17908203560073713,0.8083228673794166,0.07654547349340987,0.7933012404372405,0.5735500512961762,0.8882494815948265,0.4228905006774567,0.9474060569927706,0.3305637412428321,1.0,0.2418189343541482,1,0,0
0.503293306436483,1.0,0.22328406525588013,0.9216711186284086,0.04503610045407907,0.7584486060662361,0.0,0.5778828096669073,0.14556717797191135,0.48118823541029004,0.3030744449996714,0.49245531544482674,0.28806876542445686,0.32688107255899135,0.26289782134692224,0.3844710192701048,0.2639642533152035,0.46916070726860654,0.478773467276478,0.45982134589673046,0.48660852087956147,0.2404792458876305,0.49224905029549776,0.11585392999428833,0.4996588018931644,0.0,0.6429155480711513,0.48876987511022957,0.7041862288508757,0.2900288635805901,0.7310263039554521,0.16786037491833877,0.7526327389763429,0.06398636193905356,0.812392009159468,0.5684532132406942,0.9088788574550283,0.41673051666750177,0.9580143909900743,0.3216505314708384,1.0,0.23076624356489242,1,0,0
0.2019952829370897,1.0,0.0,0.8588107045047515,0.04108157906089246,0.6637866065676925,0.2485585263316731,0.5112942251729014,0.45840446639015975,0.4571669996966011,0.051186856662702576,0.46517488616252906,0.027288404485242737,0.24152879280736136,0.03085006311732259,0.1155505828776538,0.024897675783933634,0.02350451609323283,0.2899074423435485,0.4693634373948503,0.4045028384774318,0.25070698118168405,0.48420307361344,0.1172388466603807,0.5379658947989914,0.0,0.46939877243101,0.5251842621451884,0.5815505417473154,0.3492797829887997,0.5415324329218801,0.3965909183154192,0.492173426123012,0.45868803393738333,0.6308514382465505,0.6092668794841708,0.7899907078969347,0.49312043655904564,0.9071827694237651,0.41390230098017167,1.0,0.33810817883941857,0,0,1
0.1560112360768248,1.0,0.0,0.814781266590303,0.046518266192656844,0.6198442991626051,0.2193202462273608,0.4470910764002087,0.4272685990388212,0.4273673542625832,0.12494549610766255,0.4727235552843898,0.1523566786881065,0.21934586868209954,0.1870007835629082,0.08805519629113251,0.21073749731498645,0.0,0.33401744925420823,0.4820765656832487,0.47390611344752137,0.2496733303159079,0.555320022572666,0.12726708530987274,0.6285698005986877,0.00025282650032250505,0.47120506420649444,0.5383604856306123,0.5763002142537033,0.3517294163633125,0.4553499742271762,0.42031915496973915,0.3609467896899741,0.495088131021264,0.6099451836597027,0.6324565962345855,0.7811115601593841,0.5291555254059805,0.9028446650916057,0.45710954667427267,1.0,0.37188828959502535,0,0,1
0.5411709239640948,1.0,0.3029657261552603,0.9200853270788396,0.11530787525725815,0.7915785338925477,0.0,0.6757546116201436,0.10972219568708493,0.5973243238208009,0.3462535570351548,0.5087567700405502,0.21276377253231182,0.4024943500924621,0.18588629879413723,0.4901170527442743,0.2204469883680572,0.5925501857276886,0.5268779049341558,0.46005816514212905,0.5073633015866951,0.24708260548094008,0.5082231727108403,0.11677321766767436,0.5070521107640316,0.0,0.6986162323926096,0.47822554575952236,0.7654021214311567,0.2843498094511707,0.7978894880522891,0.16246824482463348,0.8078077253337325,0.052825159982939705,0.8459322165224747,0.5575137903822084,0.9371096681303448,0.4023012200330198,0.9784212946599629,0.30180091647181817,1.0,0.2077645501385118,1,0,0
0.6270898507925172,1.0,0.3165074963968542,0.9622146737654509,0.06517017934765312,0.8523505060036863,0.0,0.7289790833504444,0.14420277360912975,0.6222182128490957,0.20846002195636915,0.5607311459494105,0.0740280599459939,0.4338841534999864,0.14615065818395856,0.5211652027756578,0.22739527444936833,0.6144899751262785,0.4390538686471932,0.4895804204390325,0.38446742514882104,0.2506981835003901,0.37445769202117857,0.1134773096156464,0.35469293783423744,0.0,0.6629896684756131,0.4879706009078836,0.6920423725049462,0.28488353063966443,0.7167256261744541,0.1602732871756906,0.7123431656691639,0.05958777283045981,0.8772476687533028,0.5379502322466143,0.9367725116610424,0.39261126237471805,0.9800948271731577,0.29337595142064554,1.0,0.20886134601308004,1,0,0
0.3586856903040984,1.0,0.13905731391901843,0.8799803106412392,0.020977113700145704,0.6704638929507777,0.0,0.4695993990200021,0.1695875252548654,0.3910677694197589,0.2351959737552739,0.49228119901822015,0.19200509547430814,0.35538752684106,0.16669134512721517,0.3991178221920125,0.16792847935459548,0.4634614626635362,0.4149167126957179,0.4637011992568241,0.43512383842619645,0.24350042004871447,0.44112880456359294,0.1179711307306673,0.44310479256592766,0.0,0.5865736952055673,0.4940529845808974,0.6830914988648019,0.30289929507625585,0.7380654864784593,0.18703799738169885,0.7682071870655088,0.09014144987557104,0.741277908688807,0.5672702768455528,0.8685088287442619,0.4222055132318743,0.9463975836664814,0.32941114199035887,1.0,0.24202849399661816,1,0,0
0.3837012616838151,1.0,0.1718985057762394,0.874967791921413,0.04515803114498452,0.6741939763084736,0.0,0.48248639480924277,0.1595698873643763,0.3915165908744113,0.2614761522137313,0.48281641705255174,0.213846339032013,0.35095900659614604,0.17779833430424047,0.40251711674155477,0.1698405564555349,0.48030973167688923,0.42935185760889827,0.4512718068141471,0.44439747874250857,0.22886424376192335,0.44377186905009713,0.10811456409273537,0.43864814690334814,0.0,0.5961480412305188,0.4786497673466824,0.6899668011470926,0.283457074872289,0.7418409792795655,0.16366407927959817,0.7652655102000325,0.06066276759810801,0.7445194620154785,0.553220376071664,0.8682664261196957,0.40293737676712643,0.9459808459121603,0.307961426163258,1.0,0.21801214230772173,1,0,0
